﻿<root>
  <light id="ambient">
    <color id="diffuse">
      <composant id="r">255</composant>
      <composant id="g">255</composant>
      <composant id="b">255</composant>
    </color>
  </light>
  <light id="directional">
    <color id="diffuse">
      <composant id="r">100</composant>
      <composant id="g">50</composant>
      <composant id="b">50</composant>
    </color>
    <vector>
      <composant id="x">0</composant>
      <composant id="y">0</composant>
      <composant id="z">1</composant>
    </vector>
  </light>
  <shape id="pyramid">
    <attribute id="base">2</attribute>
    <attribute id="height">1</attribute>
    <material>
      <color id="diffuse">
        <composant id="r">255</composant>
        <composant id="g">0</composant>
        <composant id="b">255</composant>
      </color>
      <color id="specular">
        <composant id="r">150</composant>
        <composant id="g">150</composant>
        <composant id="b">150</composant>
      </color>
      <attribute id="shininess">8.0</attribute>
    </material>
    <vector>
      <composant id="x">0</composant>
      <composant id="y">0</composant>
      <composant id="z">5</composant>
    </vector>
  </shape>
</root>
